Workbook

Sheet Settings
A1: ASMI CAREER — CUTOFF MASTER DATA
A2: Setting | B2: Value | C2: Notes
A3: Paper Adjustment (marks) | B3: 15 | C3: ReNEET 2026 — cutoffs projected to rise. Change this one number to update ALL projected cutoffs across all sheets. Positive = harder paper, cutoffs rise. Negative = easier paper, cutoffs drop.
A4: Data Year | B4: 2025-26 | C4: The year of actual cutoff data entered in this file
A5: Projected Year | B5: 2026 | C5: Year for which projections are being made
A6: Last Updated By | C6: Enter your name when you update data
A7: Last Updated Date | C7: Enter date of last update
A8: Source | B8: ASMI Internal + MCC/State Data | C8: Data source reference
A10: ⚠️ HOW TO USE THIS FILE
A11: 1. The YELLOW cell B3 is the Paper Adjustment. Change this ONE number and all projected cutoffs update automatically.
A12: 2. Each course has its own sheet (MBBS, BDS, BAMS, BHMS, BPTH, BVSC).
A13: 3. Columns highlighted in YELLOW are ones you need to fill in — data not yet available.
A14: 4. The 'Projected 2026' column is a formula: Actual Cutoff + Paper Adjustment. Do NOT edit it manually.
A15: 5. Tier column: 1 = Premier (KEM, AIIMS), 2 = Reputed Private, 3 = Accessible/Newer
A16: 6. Fee columns are in Lakhs per year (e.g., 10.92 means ₹10.92 Lakh/year)
A17: 7. When you update this file, also update the dashboard.html cutoff data section.

Sheet MBBS
A1: ASMI Career — MBBS Cutoff Data (2025-26 Actuals)
A2: Paper Adjustment is pulled from Settings sheet (currently +15). Projected 2026 = 2025 Actual + Adjustment. YELLOW cells = data needed.
A3: State / Process | B3: Type | C3: Open Cutoff 2025-26 | D3: OBC Cutoff 2025-26 | E3: EWS Cutoff 2025-26 | F3: SC Cutoff 2025-26 | G3: ST Cutoff 2025-26 | H3: VJ/NT Cutoff 2025-26 | I3: Paper Adj (from Settings) | J3: Projected Open Cutoff 2026 | K3: Fee Min (L/yr) | L3: Fee Max (L/yr) | M3: Open Seats | N3: Colleges | O3: Tier (1/2/3) | P3: Notes | Q3: Data Complete?
A4: MH Government | B4: State | C4: 504 | D4: 504 | E4: 486 | F4: 427 | G4: 338 | H4: 477 | I4: =Settings!$B$3 | J4: =C4+Settings!$B$3 | K4: 1 | L4: 2 | M4: 4936 | N4: 42 | O4: 1 | P4: Domicile required. VJ/NT/SEBC categories also available. | Q4: ✓ Yes
A5: MH Private | B5: State | C5: 474 | D5: 473 | E5: 470 | F5: 418 | G5: 328 | H5: 463 | I5: =Settings!$B$3 | J5: =C5+Settings!$B$3 | K5: 7 | L5: 15.5 | M5: 3599 | N5: 25 | O5: 2 | P5: 85% seats via state process. Category fee concessions apply. | Q5: ✓ Yes
A6: 15% AIQ Government | B6: Central | C6: 527 | D6: 527 | E6: 522 | F6: 441 | G6: 425 | H6: FILL | I6: =Settings!$B$3 | J6: =C6+Settings!$B$3 | K6: 1 | L6: 2 | M6: 8779 | N6: 421 | O6: 1 | P6: Open to all states. MCC conducts. 4 rounds. | Q6: ✓ Yes
A7: AIIMS | B7: Central | C7: 564 | D7: 559 | E7: 550 | F7: 501 | G7: 485 | H7: FILL | I7: =Settings!$B$3 | J7: =C7+Settings!$B$3 | K7: 1 | L7: 2 | M7: 2257 | N7: 20 | O7: 1 | P7: Most competitive. Separate AIIMS counselling via MCC. | Q7: ✓ Yes
A8: JIPMER | B8: Central | C8: 569 | D8: 562 | E8: 561 | F8: 505 | G8: 484 | H8: FILL | I8: =Settings!$B$3 | J8: =C8+Settings!$B$3 | K8: 1 | L8: 2 | M8: 243 | N8: 2 | O8: 1 | P8: Only 2 institutes — Puducherry and Karaikal. | Q8: ✓ Yes
A9: Deemed University | B9: Central | C9: 178 | D9: 178 | E9: 178 | F9: 178 | G9: 178 | H9: FILL | I9: =Settings!$B$3 | J9: =C9+Settings!$B$3 | K9: 10 | L9: 35 | M9: 12249 | N9: 58 | O9: 2 | P9: Qualifying marks only. Wide fee range. MCC conducts. | Q9: ✓ Yes
A10: BHU | B10: Central | C10: 595 | D10: 587 | E10: 590 | F10: 535 | G10: 524 | H10: FILL | I10: =Settings!$B$3 | J10: =C10+Settings!$B$3 | K10: 1 | L10: 2 | M10: 100 | N10: 1 | O10: 1 | P10: Central university. Very competitive. | Q10: ✓ Yes
A11: AMU | B11: Central | C11: 567 | D11: 567 | E11: 567 | F11: 567 | G11: 567 | H11: FILL | I11: =Settings!$B$3 | J11: =C11+Settings!$B$3 | K11: 1 | L11: 2 | M11: 150 | N11: 1 | O11: 1 | P11: Minority institution (Muslim). OBC/EWS not applicable. | Q11: ✓ Yes
A12: Karnataka | B12: Open | C12: 458 | D12: 458 | E12: 458 | F12: 458 | G12: 458 | H12: FILL | I12: =Settings!$B$3 | J12: =C12+Settings!$B$3 | K12: 12 | L12: 25 | M12: 951 | N12: 36 | O12: 2 | P12: 20% open quota. No domicile needed. Good quality colleges. | Q12: ✓ Yes
A13: Kerala | B13: Open | C13: 481 | D13: 481 | E13: 481 | F13: 481 | G13: 481 | H13: FILL | I13: =Settings!$B$3 | J13: =C13+Settings!$B$3 | K13: 7 | L13: 9 | M13: 510 | N13: 21 | O13: 2 | P13: 15% open seats. Affordable fees. KEA conducts. | Q13: ✓ Yes
A14: Telangana | B14: Open | C14: 436 | D14: 436 | E14: 436 | F14: 436 | G14: 436 | H14: FILL | I14: =Settings!$B$3 | J14: =C14+Settings!$B$3 | K14: 11.55 | L14: 15 | M14: 354 | N14: 27 | O14: 2 | P14: 5.25% open seats. KNRUHS conducts. | Q14: ✓ Yes
A15: Andhra Pradesh | B15: Open | C15: 433 | D15: 433 | E15: 433 | F15: 433 | G15: 433 | H15: FILL | I15: =Settings!$B$3 | J15: =C15+Settings!$B$3 | K15: 13.2 | L15: 13.2 | M15: 280 | N15: 19 | O15: 2 | P15: 5.25% open seats. Muslim minority 2 colleges cutoff 341. | Q15: ✓ Yes
A16: Tamil Nadu | B16: Open | C16: 285 | D16: 285 | E16: 285 | F16: 285 | G16: 285 | H16: FILL | I16: =Settings!$B$3 | J16: =C16+Settings!$B$3 | K16: 13.5 | L16: 16.2 | M16: 769 | N16: 27 | O16: 2 | P16: 35% open — largest open pool. Minority colleges separate. | Q16: ✓ Yes
A17: Uttar Pradesh | B17: Open | C17: 291 | D17: 291 | E17: 291 | F17: 291 | G17: 291 | H17: FILL | I17: =Settings!$B$3 | J17: =C17+Settings!$B$3 | K17: 11 | L17: 17 | M17: 7350 | N17: 36 | O17: 3 | P17: 100% open to all. Largest pool nationally. 5450 seats. | Q17: ✓ Yes
... A23: Chhattisgarh | B23: Open | C23: 456 | D23: 456 | E23: 456 | F23: 456 | G23: 456 | H23: FILL | I23: =Settings!$B$3 | J23: =C23+Settings!$B$3 | K23: 7 | L23: 8 | M23: 162 | N23: 5 | O23: 3 | P23: 42.5% open. Affordable fees. | Q23: ✓ Yes
A24: Rajasthan | B24: Open | C24: 100 | D24: 100 | E24: 100 | F24: 100 | G24: 100 | H24: FILL | I24: =Settings!$B$3 | J24: =C24+Settings!$B$3 | K24: 24 | L24: 35 | M24: FILL | N24: 12 | O24: 3 | P24: Offline from Round 3. No official allotment data. Very high fee. | Q24: ✓ Yes
A25: Jharkhand | B25: Open | C25: 221 | D25: 221 | E25: 221 | F25: 221 | G25: 221 | H25: FILL | I25: =Settings!$B$3 | J25: =C25+Settings!$B$3 | K25: 11.25 | L25: 16 | M25: 120 | N25: 2 | O25: 3 | P25: 60% open seats. | Q25: ✓ Yes
A26: Tripura | B26: Open | C26: 152 | D26: 152 | E26: 152 | F26: 152 | G26: 152 | H26: FILL | I26: =Settings!$B$3 | J26: =C26+Settings!$B$3 | K26: 13.5 | L26: 19.76 | M26: 105 | N26: 2 | O26: 3 | P26: 20% open. Very low cutoff. | Q26: ✓ Yes

Sheet BDS
A1: ASMI Career — BDS Cutoff Data (2025-26 Actuals)
A2: Paper Adjustment is pulled from Settings sheet (currently +15). Projected 2026 = 2025 Actual + Adjustment. YELLOW cells = data needed.
A3: State / Process | B3: Type | C3: Open Cutoff 2025-26 | D3: OBC Cutoff 2025-26 | E3: EWS Cutoff 2025-26 | F3: SC Cutoff 2025-26 | G3: ST Cutoff 2025-26 | H3: VJ/NT Cutoff 2025-26 | I3: Paper Adj (from Settings) | J3: Projected Open Cutoff 2026 | K3: Fee Min (L/yr) | L3: Fee Max (L/yr) | M3: Open Seats | N3: Colleges | O3: Tier (1/2/3) | P3: Notes | Q3: Data Complete?
A4: MH Government | B4: State | C4: 420 | D4: 418 | E4: 405 | F4: 350 | G4: 270 | H4: 390 | I4: =Settings!$B$3 | J4: =C4+Settings!$B$3 | K4: 1 | L4: 2 | M4: 820 | N4: 10 | O4: 1 | P4: Domicile required. | Q4: ✓ Yes
A5: MH Private | B5: State | C5: 390 | D5: 388 | E5: 385 | F5: 330 | G5: 255 | H5: 370 | I5: =Settings!$B$3 | J5: =C5+Settings!$B$3 | K5: 5 | L5: 12 | M5: 1800 | N5: 30 | O5: 2 | P5: 85% seats. | Q5: ✓ Yes
A6: 15% AIQ Government | B6: Central | C6: 450 | D6: 445 | E6: 440 | F6: 360 | G6: 340 | H6: FILL | I6: =Settings!$B$3 | J6: =C6+Settings!$B$3 | K6: 1 | L6: 2 | M6: 2000 | N6: 150 | O6: 1 | P6: MCC conducts. | Q6: ✓ Yes
A7: Deemed University | B7: Central | C7: 100 | D7: 100 | E7: 100 | F7: 100 | G7: 100 | H7: FILL | I7: =Settings!$B$3 | J7: =C7+Settings!$B$3 | K7: 8 | L7: 20 | M7: 4000 | N7: 40 | O7: 2 | P7: Very accessible. | Q7: ✓ Yes
A8: Karnataka | B8: Open | C8: 380 | D8: 380 | E8: 380 | F8: 380 | G8: 380 | H8: FILL | I8: =Settings!$B$3 | J8: =C8+Settings!$B$3 | K8: 10 | L8: 20 | M8: 400 | N8: 20 | O8: 2 | P8: 20% open quota. | Q8: ✓ Yes
A9: Telangana | B9: Open | C9: 360 | D9: 360 | E9: 360 | F9: 360 | G9: 360 | H9: FILL | I9: =Settings!$B$3 | J9: =C9+Settings!$B$3 | K9: 10 | L9: 13 | M9: 150 | N9: 12 | O9: 2 | P9: Low cutoff for BDS. | Q9: ✓ Yes
A10: Uttar Pradesh | B10: Open | C10: 220 | D10: 220 | E10: 220 | F10: 220 | G10: 220 | H10: FILL | I10: =Settings!$B$3 | J10: =C10+Settings!$B$3 | K10: 8 | L10: 14 | M10: 2000 | N10: 25 | O10: 3 | P10: Very accessible. 100% open. | Q10: ✓ Yes
A11: Andhra Pradesh | B11: Open | C11: FILL | D11: FILL | E11: FILL | F11: FILL | G11: FILL | H11: FILL | I11: =Settings!$B$3 | J11: — | K11: FILL | L11: FILL | M11: FILL | N11: FILL | O11: 2 | P11: Data to be filled | Q11: ⚠ Fill
A12: Tamil Nadu | B12: Open | C12: FILL | D12: FILL | E12: FILL | F12: FILL | G12: FILL | H12: FILL | I12: =Settings!$B$3 | J12: — | K12: FILL | L12: FILL | M12: FILL | N12: FILL | O12: 2 | P12: Data to be filled | Q12: ⚠ Fill
A13: Kerala | B13: Open | C13: FILL | D13: FILL | E13: FILL | F13: FILL | G13: FILL | H13: FILL | I13: =Settings!$B$3 | J13: — | K13: FILL | L13: FILL | M13: FILL | N13: FILL | O13: 2 | P13: Data to be filled | Q13: ⚠ Fill

Sheet BAMS
A1: ASMI Career — BAMS Cutoff Data (2025-26 Actuals)
A2: Paper Adjustment is pulled from Settings sheet (currently +15). Projected 2026 = 2025 Actual + Adjustment. YELLOW cells = data needed.
A3: State / Process | B3: Type | C3: Open Cutoff 2025-26 | D3: OBC Cutoff 2025-26 | E3: EWS Cutoff 2025-26 | F3: SC Cutoff 2025-26 | G3: ST Cutoff 2025-26 | H3: VJ/NT Cutoff 2025-26 | I3: Paper Adj (from Settings) | J3: Projected Open Cutoff 2026 | K3: Fee Min (L/yr) | L3: Fee Max (L/yr) | M3: Open Seats | N3: Colleges | O3: Tier (1/2/3) | P3: Notes | Q3: Data Complete?
A4: MH Government | B4: State | C4: 330 | D4: 325 | E4: 310 | F4: 250 | G4: 180 | H4: 300 | I4: =Settings!$B$3 | J4: =C4+Settings!$B$3 | K4: 1 | L4: 2 | M4: 1200 | N4: 15 | O4: 1 | P4: 85% seats. Domicile required. | Q4: ✓ Yes
A5: MH Private | B5: State | C5: 300 | D5: 295 | E5: 290 | F5: 220 | G5: 155 | H5: 270 | I5: =Settings!$B$3 | J5: =C5+Settings!$B$3 | K5: 3 | L5: 8 | M5: 2800 | N5: 60 | O5: 2 | P5: Good availability. | Q5: ✓ Yes
A6: All India AYUSH AIQ | B6: Central | C6: 300 | D6: 295 | E6: 290 | F6: 220 | G6: 190 | H6: FILL | I6: =Settings!$B$3 | J6: =C6+Settings!$B$3 | K6: 1 | L6: 5 | M6: 3000 | N6: 100 | O6: 1 | P6: 15% AIQ govt seats. AACCC conducts. | Q6: ✓ Yes
A7: Deemed AYUSH | B7: Central | C7: 100 | D7: 100 | E7: 100 | F7: 100 | G7: 100 | H7: FILL | I7: =Settings!$B$3 | J7: =C7+Settings!$B$3 | K7: 5 | L7: 15 | M7: 5000 | N7: 80 | O7: 2 | P7: Highly accessible. | Q7: ✓ Yes
A8: Karnataka AYUSH | B8: Open | C8: 280 | D8: 280 | E8: 280 | F8: 280 | G8: 280 | H8: FILL | I8: =Settings!$B$3 | J8: =C8+Settings!$B$3 | K8: 5 | L8: 10 | M8: 800 | N8: 30 | O8: 2 | P8: Open quota available. | Q8: ✓ Yes
A9: Uttar Pradesh AYUSH | B9: Open | C9: 180 | D9: 180 | E9: 180 | F9: 180 | G9: 180 | H9: FILL | I9: =Settings!$B$3 | J9: =C9+Settings!$B$3 | K9: 3 | L9: 8 | M9: 2000 | N9: 40 | O9: 3 | P9: Very accessible. | Q9: ✓ Yes
A10: Gujarat AYUSH | B10: Open | C10: FILL | D10: FILL | E10: FILL | F10: FILL | G10: FILL | H10: FILL | I10: =Settings!$B$3 | J10: — | K10: FILL | L10: FILL | M10: FILL | N10: FILL | O10: 2 | P10: Data to be filled | Q10: ⚠ Fill
A11: Rajasthan AYUSH | B11: Open | C11: FILL | D11: FILL | E11: FILL | F11: FILL | G11: FILL | H11: FILL | I11: =Settings!$B$3 | J11: — | K11: FILL | L11: FILL | M11: FILL | N11: FILL | O11: 2 | P11: Data to be filled | Q11: ⚠ Fill

Sheet BHMS
A1: ASMI Career — BHMS Cutoff Data (2025-26 Actuals)
A2: Paper Adjustment is pulled from Settings sheet (currently +15). Projected 2026 = 2025 Actual + Adjustment. YELLOW cells = data needed.
A3: State / Process | B3: Type | C3: Open Cutoff 2025-26 | D3: OBC Cutoff 2025-26 | E3: EWS Cutoff 2025-26 | F3: SC Cutoff 2025-26 | G3: ST Cutoff 2025-26 | H3: VJ/NT Cutoff 2025-26 | I3: Paper Adj (from Settings) | J3: Projected Open Cutoff 2026 | K3: Fee Min (L/yr) | L3: Fee Max (L/yr) | M3: Open Seats | N3: Colleges | O3: Tier (1/2/3) | P3: Notes | Q3: Data Complete?
A4: MH Government | B4: State | C4: 310 | D4: 305 | E4: 295 | F4: 230 | G4: 165 | H4: 280 | I4: =Settings!$B$3 | J4: =C4+Settings!$B$3 | K4: 1 | L4: 2 | M4: 900 | N4: 12 | O4: 1 | P4: 85% seats. Domicile required. | Q4: ✓ Yes
A5: MH Private | B5: State | C5: 280 | D5: 275 | E5: 270 | F5: 200 | G5: 140 | H5: 250 | I5: =Settings!$B$3 | J5: =C5+Settings!$B$3 | K5: 3 | L5: 7 | M5: 2200 | N5: 50 | O5: 2 | P5: Good availability. | Q5: ✓ Yes
A6: All India AYUSH AIQ | B6: Central | C6: 280 | D6: 275 | E6: 270 | F6: 200 | G6: 175 | H6: FILL | I6: =Settings!$B$3 | J6: =C6+Settings!$B$3 | K6: 1 | L6: 5 | M6: 2500 | N6: 80 | O6: 1 | P6: 15% AIQ govt seats. | Q6: ✓ Yes
A7: Deemed AYUSH | B7: Central | C7: 100 | D7: 100 | E7: 100 | F7: 100 | G7: 100 | H7: FILL | I7: =Settings!$B$3 | J7: =C7+Settings!$B$3 | K7: 5 | L7: 12 | M7: 4000 | N7: 60 | O7: 2 | P7: Highly accessible. | Q7: ✓ Yes
A8: Karnataka AYUSH | B8: Open | C8: FILL | D8: FILL | E8: FILL | F8: FILL | G8: FILL | H8: FILL | I8: =Settings!$B$3 | J8: — | K8: FILL | L8: FILL | M8: FILL | N8: FILL | O8: 2 | P8: Data to be filled | Q8: ⚠ Fill
A9: Uttar Pradesh AYUSH | B9: Open | C9: FILL | D9: FILL | E9: FILL | F9: FILL | G9: FILL | H9: FILL | I9: =Settings!$B$3 | J9: — | K9: FILL | L9: FILL | M9: FILL | N9: FILL | O9: 3 | P9: Data to be filled | Q9: ⚠ Fill

Sheet BPTH
A1: ASMI Career — BPTH Cutoff Data (2025-26 Actuals)
A2: Paper Adjustment is pulled from Settings sheet (currently +15). Projected 2026 = 2025 Actual + Adjustment. YELLOW cells = data needed.
A3: State / Process | B3: Type | C3: Open Cutoff 2025-26 | D3: OBC Cutoff 2025-26 | E3: EWS Cutoff 2025-26 | F3: SC Cutoff 2025-26 | G3: ST Cutoff 2025-26 | H3: VJ/NT Cutoff 2025-26 | I3: Paper Adj (from Settings) | J3: Projected Open Cutoff 2026 | K3: Fee Min (L/yr) | L3: Fee Max (L/yr) | M3: Open Seats | N3: Colleges | O3: Tier (1/2/3) | P3: Notes | Q3: Data Complete?
A4: MH Government | B4: State | C4: 200 | D4: 195 | E4: 185 | F4: 150 | G4: 110 | H4: 180 | I4: =Settings!$B$3 | J4: =C4+Settings!$B$3 | K4: 1 | L4: 2 | M4: 600 | N4: 8 | O4: 1 | P4: 100% seats via state. Lower score needed. | Q4: ✓ Yes
A5: MH Private | B5: State | C5: 170 | D5: 165 | E5: 160 | F5: 130 | G5: 90 | H5: 155 | I5: =Settings!$B$3 | J5: =C5+Settings!$B$3 | K5: 2 | L5: 6 | M5: 1500 | N5: 40 | O5: 2 | P5: Good accessibility. | Q5: ✓ Yes
A6: KEM Physiotherapy | B6: State | C6: 180 | D6: 175 | E6: 170 | F6: 140 | G6: 100 | H6: FILL | I6: =Settings!$B$3 | J6: =C6+Settings!$B$3 | K6: 1 | L6: 2 | M6: 60 | N6: 1 | O6: 1 | P6: Premium govt institute. KEM Mumbai. | Q6: ✓ Yes
A7: All India | B7: Central | C7: 190 | D7: 185 | E7: 180 | F7: 145 | G7: 105 | H7: FILL | I7: =Settings!$B$3 | J7: =C7+Settings!$B$3 | K7: 2 | L7: 8 | M7: 2000 | N7: 80 | O7: 2 | P7: Various states. | Q7: ✓ Yes
A8: Karnataka | B8: Open | C8: FILL | D8: FILL | E8: FILL | F8: FILL | G8: FILL | H8: FILL | I8: =Settings!$B$3 | J8: — | K8: FILL | L8: FILL | M8: FILL | N8: FILL | O8: 2 | P8: Data to be filled | Q8: ⚠ Fill
A9: UP | B9: Open | C9: FILL | D9: FILL | E9: FILL | F9: FILL | G9: FILL | H9: FILL | I9: =Settings!$B$3 | J9: — | K9: FILL | L9: FILL | M9: FILL | N9: FILL | O9: 3 | P9: Data to be filled | Q9: ⚠ Fill

Sheet BVSC
A1: ASMI Career — BVSC Cutoff Data (2025-26 Actuals)
A2: Paper Adjustment is pulled from Settings sheet (currently +15). Projected 2026 = 2025 Actual + Adjustment. YELLOW cells = data needed.
A3: State / Process | B3: Type | C3: Open Cutoff 2025-26 | D3: OBC Cutoff 2025-26 | E3: EWS Cutoff 2025-26 | F3: SC Cutoff 2025-26 | G3: ST Cutoff 2025-26 | H3: VJ/NT Cutoff 2025-26 | I3: Paper Adj (from Settings) | J3: Projected Open Cutoff 2026 | K3: Fee Min (L/yr) | L3: Fee Max (L/yr) | M3: Open Seats | N3: Colleges | O3: Tier (1/2/3) | P3: Notes | Q3: Data Complete?
A4: MH Government | B4: State | C4: 350 | D4: 345 | E4: 335 | F4: 270 | G4: 200 | H4: 320 | I4: =Settings!$B$3 | J4: =C4+Settings!$B$3 | K4: 1 | L4: 2 | M4: 400 | N4: 5 | O4: 1 | P4: 85% seats. Domicile required. | Q4: ✓ Yes
A5: All India Vet AIQ | B5: Central | C5: 380 | D5: 375 | E5: 370 | F5: 290 | G5: 220 | H5: FILL | I5: =Settings!$B$3 | J5: =C5+Settings!$B$3 | K5: 1 | L5: 5 | M5: 800 | N5: 20 | O5: 1 | P5: 15% AIQ. | Q5: ✓ Yes
A6: Private Vet | B6: Open | C6: 300 | D6: 295 | E6: 290 | F6: 230 | G6: 160 | H6: FILL | I6: =Settings!$B$3 | J6: =C6+Settings!$B$3 | K6: 5 | L6: 15 | M6: 1000 | N6: 15 | O6: 2 | P6: Various states. | Q6: ✓ Yes
A7: Deemed Vet | B7: Central | C7: FILL | D7: FILL | E7: FILL | F7: FILL | G7: FILL | H7: FILL | I7: =Settings!$B$3 | J7: — | K7: FILL | L7: FILL | M7: FILL | N7: FILL | O7: 2 | P7: Data to be filled | Q7: ⚠ Fill

Sheet Budget Mapping
A1: Budget Bracket Mapping — Inquiry Form Values to Dashboard Logic
A2: Form Value (as submitted) | B2: Display Label | C2: Max Fee (Lakhs) | D2: What it unlocks
A3: Govt 1-2L | B3: Govt (₹1–2L/yr) | C3: 2 | D3: Only government seat processes
A4: Private 7-15L | B4: Private (₹7–15L/yr) | C4: 15 | D4: Kerala, CG, Karnataka, MH Private, Telangana, UP, Bihar
A5: Deemed 18-30L | B5: Deemed (₹10–35L/yr) | C5: 35 | D5: Deemed universities + all private states
A6: NRI / Management 40-50L | B6: NRI/Mgmt (₹40–60L/yr) | C6: 60 | D6: All options including NRI/Management quota
